news_body,news_source,news_thread,news_time,news_title,news_url,source_url
"
                        （原标题：还在玩火！居然让他进白宫！）
                    ,“西藏流亡政府”头目,孙根。,据美媒22日报道，,报道称，这是过去60年来，“西藏流亡政府”头目首次访问白宫。,白宫 资料图,美媒援引洛桑孙根的话称，后者应邀到白宫会见了新任命的美国“西藏事务特别协调员”德斯特罗。在接受美媒采访时，,他在白宫会见了,办公室和副总统办公室的代表，因为涉及中国，主要还是与主管亚洲事务的官员会晤。洛桑孙根宣称，美国外交部门“第一次承认西藏是被别国武力侵占的事实，这次白宫在这样的背景下邀请我，也清楚表明美国方面是一如既往地支持西藏……即使美国总统换届，美国方面对西藏问题的支持也不会改变。”,“西藏流亡政府”在其网站发表文章声称，过去60年里，其领导人一直被拒绝进入美国国务院和白宫，原因是美国政府不承认“西藏流亡政府”。过去十年中，洛桑孙根曾与白宫官员在未公开的会议和地点会晤数十次；这次洛桑孙根访问白宫是美国正式“对其政治领袖的承认”。文章称，类似访问或会议可能将在未来几年更加“正规化”。,截至22日24时，,不过一些媒体分析认为，这一事件将使北京对美国更加不满。,一名西藏问题学者22日接受《环球时报》记者采访时表示，无论对特朗普政府还是洛桑孙根来说，推动这次会面的动机都很直接：特朗普在大选败局已定的情况下，不惜以“玩火”的方式触碰中美关系底线，以巩固自己一部分支持者和所谓“政治遗产”；而洛桑孙根也希望借此机会提升自己的“影响力”：近年来，达赖境外分裂集团正面临很严重的危机，也对自己无法得到国际关注非常着急，因此试图借美国来提升自己。,该学者同时认为，鉴于美国即将面临政局变动，目前尚未看到类似“白宫会晤”会在未来“正规化”的趋势。不过，,中国外交部发言人赵立坚此前在回应蓬佩奥任命德斯特罗为美国“西藏事务特别协调员”时表示，西藏事务纯属中国内政，不容任何外部势力干涉。美方应停止利用涉藏问题干涉中国内政、破坏西藏发展稳定。中方将采取一切必要措施捍卫自身利益。,澳大利亚广播公司11月22日报道，原题：从澳大利亚对华贸易冲突看北京的力量意味着什么,中国共产党创造了经济奇迹，30年来，把一个贫穷国家变成经济强国，数亿人脱贫。世界从未出现过这样的情况。中国是全球经济增长的最大引擎，其崛起一直是和平的，加入以规则为基础的全球秩序。中国是世贸和世卫组织成员，还是联合国安理会五大常任理事国之一，是《巴黎协定》等全球协定签署国，并参与维和与人道主义行动。,无论从什么标准看，中国都是一个全球大国。中国现在可匹敌美国。共产党问：为什么要被澳大利亚这样一个繁荣离不开中国的国家说三道四？,中国是澳最大贸易伙伴。中国的经济实力以及对我们资源的需求，支撑了澳大利亚30年不间断的经济增长。,北京不禁要问：澳大利亚对中日之间的怨恨一无所知吗？日本当年对华侵略占领，是中国人民心上的一道伤痕。中方至今仍要求日本全面道歉。眼下，当澳联邦政府就新疆地区和香港地区问题指责中国时，中国人听到的是“百年国家屈辱”的回声。,中国领导人誓言要实现中华民族的伟大复兴。如今，中国已用“人民战争”赢得对抗疫情的胜利，经济正迅猛复苏。全球管理公司麦肯锡表示，,而澳大利亚也将再次寻求搭上北京的顺风车。在今年的澳联邦预算案中，财长的一些增长预测就是基于中国疫情后的迅速复苏。,（作者斯坦·格兰特）,将中国当成我们的敌人，不符合澳大利亚国家利益。中国决定对澳进行比对其他国家更严厉的惩罚，也不符合澳大利亚国家利益。目前情况持续下去，将影响到澳大利亚的贸易、繁荣、安全和地区地位。,核心问题是澳中关系的信任已崩塌。没有信任，“行动/反应”模式会导致双方关系每况愈下。北京和堪培拉得出同样结论，认为对方对修复关系没兴趣。从国家利益角度看，澳大利亚应努力重建和稳定对华关系——至少将损害降到最低，因为中国将在几十年内成为最大经济体、亚洲最强大国家和最大军事力量。,这场争执中，有一种错误观点，认为中方的强硬态度是关系破裂的主因，而澳大利亚是无辜的一方。这是自欺欺人的谬论。中国之所以惩罚澳大利亚，是因为接连几届澳政府所做的一些决定，无论实质上还是表述上，都伤害了中国。若不能认清这个现实，我们就无法开始解决目前的难题。,11月上旬已过，澳大利亚媒体热炒的中国要采取的“澳七大类产品贸易禁令”没有如期到来，但出口商们仍忧心忡忡，因为澳总理莫里森还在声称“为国家利益将继续按价值观行事”。作为“坐在矿山上的国家”“骑在羊背上的国家”，资源丰富的澳大利亚保持了近30年经济不间断增长的“神话”，这背后与中国密不可分的经贸往来关系巨大。中国从澳进口了大量的铁矿石、煤炭、大麦，中国人到澳旅游、留学、投资也对澳经济贡献颇多。因此，很多国际舆论认为，澳经济发展已对中国有很大依赖，想找“替代者”的做法基本上是徒劳的。,日本一家经济类媒体的英文网站近来不断炒作中澳关系紧张对澳大利亚矿产、农业等对华出口的影响。图为部分文章截图。,“中国市场是我们存在的理由”,“中国煤炭禁令可能会让澳每年损失150亿澳元”“中国对澳投资已连续第三年下降”。最近一段时间，澳大利亚媒体和众多国际媒体都十分关注中澳两国经贸关系的变化。“澳被自己的对华政策弄得焦头烂额，选择与北京玩火，其结果可想而知。”香港《亚洲时报》5日刊文称，“这个国家发现，当一名自封的美国‘副警长’需要付出高昂的代价——其经济30多年来首次陷入衰退”。中国是澳最大贸易伙伴，也是最大的国际留学生和游客来源国，“中国对澳经济的影响怎么强调都不过分”。事实上，澳煤矿工人和农民正受到与中国的贸易战的冲击，大学和依赖旅游业的行业正面临财务压力。,有数据显示，1972年中澳建交时，两国双边贸易额还不到1亿美元。本世纪以来，特别是中国加入世贸组织后，中澳两国贸易大幅上升。2007年中国第一次成为澳最大贸易伙伴，虽然次年又一度被日本赶超回来。此后，中国已连续11年成为澳大利亚最大的贸易伙伴。2018-2019财年，双边贸易额高达2350亿澳元。同一财年，国际教育为澳大利亚经济贡献376亿澳元，创造就业岗位24万个，位居澳服务出口业首位。这其中，在册的20多万留澳中国学生贡献巨大。据统计，中国留学生每年在澳的学费和生活费支出共计近150亿澳元，同时给航空、旅游、地产等带来的价值每年约为4亿澳元。,“澳2019年向中国出口了其所需铁矿石的60％、约60％的炼焦煤、约5%的铜矿石；澳生产的大麦近60％销往中国，约94%的龙虾、70%的谷物出口中国；澳是中国最大葡萄酒供应国……”俄罗斯《生意人报》等媒体为澳大利亚对华出口列了一个长长的单子，并认为，鉴于澳大利亚本国产品在欧亚需求低迷，澳应保住中国市场，而不是把“口头上表示的要寻找替代中国的市场”当成摆脱对中国依赖的灵丹妙药。俄科学院世界经济与国际关系研究所专家萨利茨基近日表示，澳企的现实利益迟早会影响澳政府的对华政治路线。,澳大利亚龙虾（资料图）,在澳大利亚，很容易听到相关企业看重中国市场的呼声。澳龙虾年产值高达7亿多澳元，其绝大部分产品都出口到中国。总部位于西澳大利亚州的杰拉尔顿渔民合作社是澳最大的龙虾出口商，大约有300名成员。今年3月，杰拉尔顿渔民合作社首席执行官马修·鲁特在接受《环球时报》记者采访时表示：“中国市场是我们最大的市场，我们超过90%的产品都出口到中国。特别是中国春节前后，我们最为忙碌，出口量也最大。”据鲁特介绍，因受新冠疫情影响，他们今年春节期间对华龙虾出口“骤降至零”，140条渔船近一个月没有捕捞活动。为尽快恢复对华出口，渔民合作社甚至想到包机将龙虾运到中国，同时从中国运回一些抗疫物资。他们还制作视频为中国抗疫打气加油。,中国经济的快速发展及对铁矿石等资源产品的需求，催生和推动了一批澳本土矿业公司的创建和壮大。其中最典型案例之一就是创立于2003年、现在已是澳第三大铁矿石出口商——福特斯克金属集团（FMG）。用FMG高层的话来说，“中国市场是我们存在的理由”。FMG首席执行官盖恩斯2019年11月曾在接受《环球时报》记者采访时表示：“自从2008年我们第一船铁矿石运抵中国以来，我们已成为中国钢铁产业可靠的、高质量的铁矿石核心供应商。当然，FMG不仅向中国出口铁矿石，同时还进口和使用中国产品。中国是澳重要贸易伙伴，是朋友，澳民众也清楚良好的澳中关系对澳经济发展的贡献。”,“冰河时代”：难找中国替代者,“堪培拉和北京之间现在处于冰河时代。”瑞士《新苏黎世报》10日刊文称，一旦澳中关系进入“政冷经冷”时期，那么澳方难以找到可以替代中国的市场。德意志广播电台的评论认为，澳出口产业正成为其强硬对华政策的“主要受害者”，双方原本有着良好的贸易关系，但贸易争端增多后显示出来的是：“小澳大利亚”对“大中国”的需要远远超过中国对澳的需求。澳大利亚统计局的数据显示，2019年澳大利亚前五大顺差来源地依次是中国、日本、韩国、印度和英国，其中对中国的顺差额为488.3亿美元，比后4个国家的顺差额加起来还要多27.6亿美元。,澳大利亚（资料图）,新加坡《海峡时报》文章认为，澳正加强与亚洲另一“经济巨人”印度的联系，但印度政府奉行经济民族主义，去年退出旨在促进贸易自由化的《区域全面经济伙伴关系协定》就是一个例证。印度政府希望有更多人去澳工作，但不想降低关税。日本《日经亚洲评论》刊文称，中澳紧张关系促使许多澳企开始想开发新市场，如越南、孟加拉国、印度等国，但这条路是艰辛的。在悉尼科技大学澳中关系研究院主任詹姆斯·劳伦森看来，“没有其他市场可以取代中国，我们将尽力实现多元化，但最终，你无法用一个类似的大型经济体来替代中国，因为根本就不存在这样的经济体”。接受英国广播公司（BBC）采访的一些经济学家认为，中国市场不可能被轻易取代，澳政府的干预是徒劳的。东亚专家席罗·阿姆斯特朗说：“由政府来告诉企业你们不能卖给中国，或在其他国家根本没有打算买的时候说你必须要卖多一点给它们，这有一点奇怪。”,香港《亚洲时报》的文章还写道：“中国的城市、道路建设是唯一能切实让澳大利亚再次成为‘幸运大陆’的国家。但中国不是真的需要澳大利亚产品，也可以用其他国家的产品来替代，如从加拿大购买龙虾。澳向中国出售的铁矿石、煤炭、天然气和其他资源，在世界其他地区都很容易获得。非澳方的产品可能质量不一样，或者更贵，但那又能怎样呢？”,“明智对话”：期待双赢,日益紧张的中澳关系引起澳各界人士担忧，要求莫里森政府改善对华政策及两国关系的呼声此起彼伏。澳大利亚新闻网近日刊文说，“中国已确保澳方会为其挑衅行为付出沉重的代价，时间点可能比许多人预期的要早得多”。澳《悉尼先驱晨报》分析认为，如果没有推动多样化的真正尝试，地区安全等澳其他国家利益很容易受到经济胁迫的影响。据《环球时报》记者了解，中国市场占据西澳大利亚州所有出口额的50%，该州每年向中国销售约1000亿澳元的产品，从中国购买价值40亿澳元的商品。“这960亿澳元的贸易顺差，我认为在全世界都可能前所未有。”该州州长麦高文近日表示，尽管外交事务归联邦政府管辖，但该州将倡导“明智对话”，“在当前困难和不确定时期，保持更稳固的贸易关系而非让它们成为争执的牺牲品势在必行”。澳前驻华贸易专员克里夫顿也强调说，“未来十年里，中国可能仍是全球经济增长的主要引擎，除非澳中能修复破裂的关系，否则澳方从中国增长的故事中获利的可能性将受到威胁”。,澳中商业峰会主席杨东东告诉《环球时报》记者，澳中关系恶化会导致澳经济复苏步伐放缓，经济状况雪上加霜，澳民众的生活成本会进一步提高，同时也会加深他们对中国的误解。澳大利亚农业产业协会主席马克·艾利森则强调：“澳中两国关系正受到来自政治与贸易等多领域的冲击。从中国的角度看，中方已找到很多产品的替代市场，但坦率地说，从质量、价格及可持续性的供应链等角度而言，澳仍有很大优势。因此，我们期待一个双赢的贸易伙伴关系，而不是双输局面。”,俄战略问题研究所专家别利亚耶夫认为，美国对澳保持与自己同一政治轨道的兴趣很大，“即使新一届美国政府对华政策与特朗普时代相比可能会有所调整”，但澳方仍可能会陷入非常尴尬的境地，因为几乎没有理由指望美国能在澳对华关系上减轻对澳方的压力。他建议澳大利亚好好掂量掂量，要不要寻求重大妥协，寻找机会来加强和恢复与中国的联系，因为澳经济状况决定于此。,
",环球网,FS3SUH2G0001899O,2020-11-23 08:37:50,还玩火！居然让他进白宫 媒体：将使北京对美更不满|美国总统|洛桑|唐纳德·特朗普_网易新闻,https://news.163.com/20/1123/08/FS3SUH2G0001899O.html,https://mp.weixin.qq.com/s/xE5MQT3lFJSIE-PRtcV_uw
"
                        （原标题：【“十三五”成就巡礼】“互联网+”激活经济高质量发展新引擎）
                    ,
	,
	,
						,
						,
					,（新闻联播）：“十三五”以来，我国互联网蓬勃发展，取得举世瞩目的成就。5G、,、大数据、人工智能等新技术加速与各行各业融合发展，“,”催生出一个个新业态、新模式，成为激活我国经济高质量发展的新引擎。,这两天，浙江桐乡的这家纺丝车间里来了一位新成员，就是这个5G质检机器人。利用5G高速率低延时的传输，它可以通过头顶的8K高清摄像头，能在0.2秒之内识别出生产线是否存在飘丝、漂杂等问题。,工业互联网与制造业深度融合，形成了新动能、新增长点。截至今年9月底，我国工业互联网公共平台已超70家，服务工业企业达40多万家，预计今年我国工业互联网产业经济规模将达3.1万亿元。,“十三五”期间，“互联网+”行动计划被确立为国家战略。这5年，我国网络覆盖规模持续扩大，电信普遍服务试点深入推进，全国行政村通光纤比例和4G比例均超98%，农村城市基本实现“同网同速”。五年来，我国5G通信从无到有，基站建设已超过60万个、5G国际标准必要专利占比全球领先、5G商用正式启动、5G用户数全球首位。,这5年，互联网基础设施建设在提速，互联网红利释放也在加速，从衣食住行智能化到远程教育、互联网诊疗、在线办公······曾经遥不可及的生活方式如今近在眼前。截至今年6月，我国网民规模已达9.4亿，5年增长2.5亿。庞大的网民构成了中国蓬勃发展的消费市场。“十三五”期间，我国,、,等业务发展引领全球，2019年我国网上零售额达10.6万亿元，是2015年的近3倍，移动支付交易规模达347万亿元，是2015年的15倍。,在贵州正安县的这家吉他厂，应接不暇的订单让工作人员忙得不可开交。到目前为止，正安县的18家吉他企业通过电商平台已经卖出了600多万把吉他。,数字浪潮下，自主就业、灵活用工等生机勃发。在城市，网约车、跑腿员、快递小哥奔波在大街小巷；在农村，一部手机、一根自拍杆，帮助越来越多的乡亲们脱贫致富。面对新冠肺炎疫情严峻挑战，网络购物充分发挥促消费、助转型、保市场作用，为打通国内经济内循环提供了有力支撑。“十三五”以来，我国的数字经济规模从2015年的11万亿元，增长到2019年的35.8万亿元，占GDP比重36.2%。",央视网,FS3T6UK7000189FH,2020-11-23 08:42:26,【“十三五”成就巡礼】“互联网+”激活经济高质量发展新引擎 |电子商务|云计算|移动支付_网易新闻,https://news.163.com/20/1123/08/FS3T6UK7000189FH.html,https://news.cctv.com/2020/11/22/ARTI05OacY3cshJgI5mKpk4C201122.shtml
"
                        （原标题：习近平出席二十国集团领导人第十五次峰会第二阶段会议）
                    ,
	,
	,
						,
						,
					,国家主席习近平22日晚在北京以视频方式出席二十,领导人第十五次峰会第二阶段会议，重点阐述关于可持续发展问题的看法。,习近平指出，要打造包容性、可持续、有韧性的未来，不断推进全球减贫事业至关重要。面对新冠肺炎疫情冲击，我们比以往任何时候都更需要拿出切实举措。,第一，坚持发展优先理念。以落实联合国2030年可持续发展,为引领，加强发展合作，缩小南北发展差距。,第二，采取全面均衡政策举措。精准施策，应对因疫致贫返贫。既要落实缓债倡议，也要继续为发展中国家提供必要融资支持，推动基础设施和互联互通建设。,第三，营造良好国际经济环境。降低关税和非关税壁垒，以贸易促减贫、促发展，帮助发展中国家更好融入全球大市场。发挥数字减贫作用，为中小企业、妇女、青年等弱势群体提供更多脱贫致富机会。,习近平强调，中国即将提前10年实现消除绝对贫困目标。改革开放40多年来，中国7亿多人摆脱贫困，对世界减贫贡献率超过70%。中国愿同各国一道，合力建设远离贫困、共同发展的美好世界。,与会领导人表示，二十国集团应加大支持发展中国家克服疫情，推动经济复苏和增长，缩小数字鸿沟，消除贫困，赋予妇女和青年更多教育和就业机会，落实2030年可持续发展议程，实现包容性发展。减少碳排放，促进绿色低碳发展，合力应对气候变化和生态环境恶化等全球性挑战。,峰会通过了《二十国集团领导人利雅得峰会宣言》。,丁薛祥、刘鹤、杨洁篪、王毅、何立峰等参加。",央视网,FS3T3D4G000189FH,2020-11-23 08:40:30,习近平出席二十国集团领导人第十五次峰会第二阶段会议 |议程_网易新闻,https://news.163.com/20/1123/08/FS3T3D4G000189FH.html,https://news.cctv.com/2020/11/23/ARTIg6ncHfaTsLK5FVhofj2D201123.shtml
"
                        （原标题：习近平在二十国集团领导人利雅得峰会“守护地球”主题边会上致辞）
                    ,
	,
	,
						,
						,
					,国家主席习近平22日在二十,领导人,峰会“守护地球”主题边会上致辞。,习近平指出，地球是我们的共同家园。要秉持人类命运共同体理念，携手应对气候环境领域挑战，守护好这颗蓝色星球。,习近平提出3点主张。,第一，加大应对气候变化力度。二十国集团要继续发挥引领作用，在《联合国气候变化框架公约》指导下，推动应对气候变化《,》全面有效实施。中方宣布中国将提高国家自主贡献力度，力争二氧化碳排放2030年前达到峰值，2060年前实现碳中和。中国将坚定不移加以落实。,第二，深入推进清洁能源转型。中方支持后疫情时代能源低碳转型，实现人人享有可持续能源目标。中国建成了全球最大的清洁能源系统，将推动能源清洁低碳安全高效利用，加快新能源、绿色环保等产业发展，促进经济社会发展全面绿色转型。,第三，构筑尊重自然的生态系统。中方支持二十国集团在减少土地退化、保护珊瑚礁、应对海洋塑料垃圾等领域深化合作，打造更牢固的全球生态安全屏障。中方诚挚欢迎各方出席明年5月在昆明举行的《,》第十五次缔约方大会，期待大会为未来一个时期全球生物多样性保护设定目标，采取行动。让我们携起手来，共同建设清洁美丽的世界！",央视网,FS3T5555000189FH,2020-11-23 08:41:27,习近平在二十国集团领导人利雅得峰会“守护地球”主题边会上致辞   |巴黎协定|生物多样性公约_网易新闻,https://news.163.com/20/1123/08/FS3T5555000189FH.html,https://news.cctv.com/2020/11/22/ARTI0aOMkJgyfpuZSzrBNW6U201122.shtml
"
                        （原标题：离奇！79岁阿伯花10万与女子闪婚，不久后死在另一女子家中）
                    ,
						,
						,
					,
",广州日报,FS382M3G0001899O,2020-11-23 02:33:06,离奇！79岁阿伯花10万与女子闪婚，不久后死在另一女子家中 |养老院|新婚|结婚|纪阿姨_网易新闻,https://news.163.com/20/1123/02/FS382M3G0001899O.html,https://mp.weixin.qq.com/s/zL59BOHr96wv1_9wjf27qA
"【港媒：弃保潜逃两年半，, ，在机场被拘捕】港媒消息称，前,头目,弃保潜逃两年半，昨（22日）晚返港后在机场被香港有组织罪案及三合会调查科（俗称Ｏ记）拘捕。,香港“东网”“星岛网”等多家港媒称，郭永鸿从迪拜经曼谷飞抵香港，在机场经过初步检疫后，在入境处柜位被截停及被捕。他涉嫌触犯两项串谋伤人、一项串谋刑事毁坏、一项刑事诽谤，被扣留在机场,作进一步调查。,港媒报道称，郭永鸿作风一向出位，曾卷入不同案件，多次被警方拘捕。2016年7月，郭永鸿从泰国返港后被捕，涉嫌与一连串发生的串谋刑事恐吓、串谋蓄意伤人和串谋勒索案件有关。他先被押送至机场警署，后再移送至湾仔警总。扣押48小时之后获准保释。,2017年11月，郭永鸿再次被捕。港媒援引消息称，警方毒品调查科财富调查组经过至少5年的追查及搜证后，认为时机成熟，派出多名探员，掩至港岛浅水湾道郭所住的豪宅单位，采取拘捕行动，指郭涉嫌于2007年1月至2012年7月期间，通过4个香港的银行户口，清洗涉及逾一亿港元黑钱，探员并在屋内检走一批文件。扣查29小时之后，郭永鸿获准保释候查，但不能离港。,不过，郭永鸿在2018年4月弃保潜逃，警方于是发出通缉令。,“星岛网”称，郭永鸿弃保潜逃离港后一直失去联络，行踪相当飘忽，有传他曾现身欧洲多处地区，又在意大利停留一段时间，生活奢华，初时住五星级酒店，又聘有保镖，每月使费至少要几十万元以上。,“星岛网”援引消息指，郭永鸿在疫情严重的意大利生活时，染有新冠肺炎，一度失去味觉，后来治疗康复，他近日向法律界人士讨教回港后接受法律制裁的后果，经深思熟虑后，决定回港投案。,“星岛网”称，郭永鸿的出身颇为传奇，上世纪90年代初靠贩卖盗版光盘赚得第一桶金，当年全港档口逾万家。郭还喜欢在麻将馆留连，因而认识一名澳门“大家姐”级人物，得以在濠江开设赌厅，开始发迹，一度成为黑帮“和Ｘ和”的坐馆，涉及不少偏门生意。,
",环球网,FS3RK1BF0001899O,2020-11-23 08:14:38,港媒：弃保潜逃两年半，香港前黑帮头目郭永鸿昨夜返港 ，在机场被拘捕|警署_网易新闻,https://news.163.com/20/1123/08/FS3RK1BF0001899O.html,#
"
                        （原标题：特朗普私下已开始为未来做打算？美媒披露其三个“未来计划”）
                    ,在年底前宣布将参加2024年,、建立媒体报复“背叛者”、写书赚钱应对财务危机——《华盛顿邮报》22日援引知情人士的话报道称，,特朗普虽然在公开场合仍不遗余力地试图推翻此次大选结果，但私下其实已经开始为未来做打算。,据《华盛顿邮报》报道，一名最近和特朗普交谈过的总统顾问称，特朗普表示计划在3周后宣布新的竞选活动，以此迅速击退可能在2024年竞选美国总统的,参选人，包括副总统彭斯、国务卿蓬佩奥和前美国常驻联合国代表黑利。不过其他几名顾问表示，特朗普对这个问题的看法在不断变化，还没有做出最终决定。,特朗普前顾问纳伯格表示，在今年年底宣布将在4年后竞选总统没有意义，但是控制共和党、在总统选举这场竞赛中成为领先者很重要。共和党全国委员会前主席、反特朗普的共和党组织“林肯计划”高级顾问斯蒂尔认为，不管特朗普是否真的会再次竞选总统，他很可能会试图在未来几年里主导共和党的政治。一直对特朗普持批评态度的共和党策略师、前国会高级助手布巴克表示，这位美国总统的推特账号虽然令人讨厌，但却是他最强大的且可以“随身携带”的工具之一，“特朗普仍然有能力决定（共和党总统选举党内）初选的成败，并能在国会山破坏协议”。特朗普经常使用的私人推特账号@realDonaldTrump拥有超过8891万粉丝。,一直与特朗普保持联系的老朋友拉迪表示，美国总统将“努力保持政治和媒体影响力”。据美国Axios新闻网报道，特朗普一直在对朋友说，他想开设一个数字媒体频道，按月收取订阅费，还可能给订阅者赠送一顶“让美国再次伟大”的帽子。也有消息称，特朗普可能自己创办媒体公司。不过《华盛顿邮报》称，一些总统顾问表示，特朗普可能不会开设媒体公司，因为这样做任务艰巨，而且不一定能成功。,不管是创建媒体频道还是开设公司，都将是特朗普向福克斯新闻发起报复的方式。这位美国总统认为福克斯新闻背叛了自己。《华盛顿邮报》报道称，福克斯新闻此前曾备受特朗普称赞，但该媒体是大选后第一家宣布,赢得亚利桑那州的主流媒体，其下属记者还证实特朗普曾把军人称为“傻瓜”和“失败者”，主持总统竞选首场辩论的福克斯电视台主持人华莱士也让特朗普不满。,据澳大利亚广播公司报道，在此次美国大选中，近7400万选民支持特朗普。如果建立自己的媒体平台，特朗普可以用该平台来笼络支持者，让自己4年后再次参加大选。美国国会两年后将进行中期选举。特朗普也可以利用自己的媒体平台为和自己志同道合的共和党参选人造势，同时抨击和自己意见不一的人。,《华盛顿邮报》称，特朗普还在探索如何用相对轻松的方式赚钱，比如为企业团体做有偿演讲，或者举办集会卖门票。有消息人士表示，这位美国总统可能会写一本关于他担任总统的回忆录，并以有偿或无偿的身份出现在电视上。在未来4年，特朗普需要偿还超过4亿美元的贷款，并可能因一系列调查和诉讼而支付巨额法律费用。自2019年以来，纽约州一直在针对总统财务状况进行两项独立调查。《纽约时报》日前报道称，这些调查后来发展到包括咨询费的问题，这些咨询费被扣除以减少总统的应纳税收入。,特朗普为何会是2024年美国大选的有力竞争者？阿拉伯新闻网21日称，特朗普或许想要复制美国前总统安德鲁·杰克逊的竞选之路。1824年，杰克逊在大选中惜败，但4年后却赢得总统选举。尽管特朗普可能在明年离开白宫，但他并没有出局，“特朗普主义”在美国依然是一个强有力的存在。从筹集资金和全国民调两个方面来看，特朗普会是2024年共和党党内初选的有力竞争者。不过，即使特朗普赢得了2024年共和党党内初选，他不一定会赢得总统宝座。这在很大程度上取决于拜登在任期内的表现，以及他是否会谋求连任。,来源：牛弹琴,（一）,都这个时候了，美国又退群了。,11月22日，美国正式退出《开放天空条约》(Open Skies Treaty)。,普京很生气，怎么还出这样的幺蛾子？北约小兄弟更目瞪口呆，特朗普啊特朗普，你真是什么事都干得出来呵。,《开放天空条约》，1992年北约国家和俄罗斯签署，2002年正式生效。该条约允许34个缔约国，在短时间预先通知后，可对彼此领土进行“非武装方式的空中侦察”，以收集对方军队和活动的数据。,根据这一协议，缔约各方迄今已进行了1500多次空中侦察行动，俄罗斯和美国每年分别对对方进行42次空中侦察。,也就是说，双方可以到对方家里瞅瞅。,出动什么飞机瞅，给对方瞅什么，也是显示自己的实力，震慑对方；另外，百闻不如一见，多串门瞅瞅，这也有助于增强互信，避免战争。,应该说，初衷还是好的。,但到了特朗普时期，一切就变了。,今年5月，蓬佩奥宣称，俄罗斯系统性违反这一协议，限制美国在一些敏感区域飞行，因此，按照规定，美国提前六个月通知各方，美国要退群。,美国国家安全事务助理奥布莱恩说得则更白：美国这么做，是“通过退出过时的、且有利于我们的敌手并损害我们国家安全的条约和协议，从而将美国置于优先地位。”,意思也是很明确的：美国觉得，都已经是卫星时代了，我们卫星最先进，最还派什么侦察机，太有利俄罗斯，老子不干了！,这不是特朗普第一次退群。他上台后，美国几乎都是一言不合，甩手就走，管你是什么东西。,上台前，特朗普最有名的的一句口号是“你被炒鱿鱼了”；上台后，他最有名的的做法，就变成了“老子我不干了”。,这次退出“开放天空条约”，美国做得更绝。,考虑到一旦拜登上台，很可能将颠倒过去的事情再颠倒过来，特朗普政府官员宣布，两架执行侦察任务的OC-135B型飞机，已被定性为“过度防卫产品”，因此将以较低价格被处理掉。,飞机上的老式特殊相机，将被处理给欧洲国家；至于原先准备安装的新型相机，给空军其他设备安装。,也就是说，哪怕拜登你想重新加入，嘿嘿，你到时连执行任务的飞机都没有。,（二）,说干就干，这就是特朗普的风格，管他什么洪水滔天！,但在国际社会，一片哗然。美国总统你怎么能这样干？,毕竟，这不是你美国一个国家的国际条约，总共35个缔约国呢，俄罗斯没答应，法国、德国等都没答应，就你自顾自退群了。,但这就是特朗普，与俄罗斯斗，其乐无穷；与中国斗，其乐无穷；与西方斗，其乐也无穷……,其他退群，说实话，最多损害的就是美国的形象和道德影响力，反正特朗普也不在乎形象，但《中导条约》和《开放天空条约》，却真正关系到的是世界的战争与和平。,因为很简单，美国退出之后，俄罗斯还可能会遵守吗？,普京很生气，之前在《中导条约》上，他这样表示：,一句话，美国退出，俄罗斯立刻退出。,存在30多年的《中导条约》，立刻就是废纸一张。,那结果就是，美国肯定会大力发展中短程和中程导弹，俄罗斯也肯定不甘人后，美俄都这样铆足了劲，其他国家也不敢丝毫松懈。,一场激烈而危险的军备竞赛，就此拉开序幕。,对欧洲来说，这是最恐惧的结果。俄罗斯如果大力发展中短程和中程导弹，打不到美国，但却可以倾泻在欧洲大地。,要知道，当年美国苏联就是害怕这种导弹太多，预警时间太短，一个错误判断，就会爆发毁灭性战争，这才有了《中导条约》。,但现在，更先进的导弹将被大量生产部署，这真是开了一个地狱之门。,至于《开放天空条约》，其实是相关配套的，更多是增强互信，现在美国撕毁了，互信还存在吗？,这一次，普京也很愤怒。,俄罗斯外交部11月22日发表声明说：,世界变得更加危险了。,俄外长拉夫罗夫本月初就明确要求，要俄罗斯留在该条约也可以，签署该条约的北约其他国家，必须书面保证，不与美国分享搜集到的任何数据；而且，美军在欧洲的基地，不能被排除在俄空中侦查的范围。,也就是说，没有美国，我们照样可以转；但是，你们不能跟美国分享数据；美军欧洲基地，我仍旧要侦查。,一句话，你们这群小弟，不能再跟这样的老大混了。,（三）,形势很复杂，斗争很激烈，俄罗斯很生气，欧洲也很头疼。,小弟们面面相觑，见过耍流氓的，还没见过这么耍流氓的。老大风格彻底真变了，六亲不认，小弟真当不下去了。,最后，几点粗浅的看法：,第一，特朗普应该已完成了搞乱西方搞乱世界的任务。,过去四年，故事一箩筐。,在电话里，和墨西哥总统说翻脸就马上翻脸；话不投机，他就顺手摔了澳大利亚总理的电话；虽然默克尔是女士，默克尔伸手过来，他愣是装作没看见；更别提，多少次将特鲁多和马克龙骂得狗血喷头……,最近的G20峰会，其他领导人都在聚心会神商量国际大事，就特朗普，低头发推特，转身去打高尔夫……,也难怪，默克尔那次为什么要默默放出那张“六大门派”围攻光明顶的照片了。,第二，来了个混不吝的特朗普，美国的道德权威瓦解了。,当年特朗普上台时，有这样一个段子流传：,这当然是段子。,但特朗普这么搞，简直把美国弄成了世界公敌，美国以后还怎么领导世界？,也难怪，美国前国务卿蒂勒森，那么老实的一个人，都发急痛骂特朗普是一个“白痴”。,当然，最后的结果，蒂勒森刚从非洲回来正倒时差呢，就在推特上看到，特朗普已经炒了自己的鱿鱼。,接替蒂勒森的蓬佩奥，应该深刻吸取了蒂勒森的教训，做起事来比特朗普还特朗普，特朗普果然很高兴，最近还猛夸他是西点军校的高材生。,但在军事问题上冒险，那可真是要打仗的。打了19年都没打败塔利班，美国难道真要跟俄罗斯打仗？,特朗普葫芦里的药，欧洲小兄弟都看不懂。,第三，百年未有之大变局，中国必须小心了。,一言不合就退群，一不高兴就制裁。,这个世界确实变了，美国已经不是那个美国，用一位朋友的话说，,所以，才有了一次又一次的“退群”，特朗普希望彻底打破这个旧秩序，希望建立一个美国为所欲为的新秩序。,但这种类似打砸抢的过程，意味着国际秩序的完全崩溃，以《中导条约》《开放天空条约》被废为例，世界肯定不会是更和平了，更多武器的后果、更缺乏互信的后果，必然意味着更多的对抗，乃至战争。,这个世界，有些人总是不怕洪水滔天的。,这更开了一个危险的先例。,假设一下，如果某一天，各方感觉到危险，谈判再签署类似的条约，但有了美国一再撕毁国际协议的教训，人们还敢相信美国吗？谁又能保证，美国不再耍流氓、撕毁新的协议吗？,对中国来说，有一点也是要小心了。美国盯上了俄罗斯，也盯上了中国，哪怕已经到现在这个时候，美国当局还从各种角度来对付中国，各种抹黑、妖魔化。,但这个世界，人在做，天在看。,哦，忘了说一件事了，记得就是前年吧，WHO曾宣布，游戏网瘾也是种精神疾病。,当时就替WHO隐隐不安，你这不是说特朗普吧？,因为全世界都知道，特朗普最喜欢的做的一件事，就是发推特，多的时候，一天100多条，比我们所有新媒体编辑都敬业；就刚刚的G20峰会，前面说了，其他领导人在认真发表演讲，就他在低头发各种推特……,记得当时我就在文章中说，WHO你也消停点吧，别惹火了特朗普，他哪一天连你也退了……,唉，很不幸，果然说中了！,
,美媒披露特朗普三个“未来计划”",环球时报,FS3OTH4D0001899O,2020-11-23 07:27:23,特朗普私下已开始为未来做打算？美媒披露其三个“未来计划” |唐纳德·特朗普|共和党|美国总统|大选|拜登|美国大选_网易新闻,https://news.163.com/20/1123/07/FS3OTH4D0001899O.html,https://hqtime.huanqiu.com/article/40oHossPyfW
"
                        （原标题：上海新增两例确诊病例，又一小区升级为“中风险”，专家：冬季进入防疫艰难期）
                    ,追踪、防控的工作程序要严格遵守,防控措施要到位，普通老百姓对,戴口罩、洗手、社交距离等习惯要保持,图片来源：中新视频截屏,本刊记者/霍思伊 杜玮,自新疆上一轮暴发局部性较大规模的新冠疫情以来，其新增确诊在11月初终于“清零”，但此后中国本土的新增病例并没有彻底消失，近日，在天津、上海和内蒙古等地接连出现散发病例。,11月22日，上海市再次通报新增2例新冠肺炎确诊病例。其中曹某某，男，46岁，是11月20日确诊病例吴某某在浦东机场西区货运站的同事。病例张某某，女，30岁，系11月21日确诊病例王某的妻子。目前，已初步排查到上述病例密切,52人，正在落实集中隔离和采样检测。,截至目前，在20日～22日三天内，上海已累计新增5例本土确诊病例。此前在11月9日，上海也曾通报过1例本土新冠肺炎确诊病例。,据上海市卫健委早前的介绍，20日报告的两例为夫妻关系。吴某某，男，39岁，是浦东机场UPS上海国际转运中心西区货运站安检员。另一病例李某某，女，34岁，在上海市浦东医院从事护理工作，为吴某某妻子。21日新增第3个病例为吴某某的机场货运站同事，作为筛查对象，核酸检测结果为,，并最终被诊断为确诊病例。,截至目前，除上述病例居住地浦东新区祝桥镇新生小区、浦东新区周浦镇明天华城小区被列为中风险地区外，上海市疫情防控指挥部研究决定，将22日新增病例居住地浦东新区张江镇顺和路126弄小区列为中风险地区。,可以发现，上海本次新增的本土病例均与浦东机场UPS上海国际转运中心西区货运站工作人员有关。而两周前上海通报的另一例本土病例也在浦东机场工作，但工作地点为东区货运站。,“现在是北半球冬季，飞机当天就可能把国外的货物带过来，在低温状态下，国外的货物表面可能有,，病毒还是有可能存活的，即便不是冷链情况下。”上海市公共卫生临床中心党委书记卢洪洲教授对《中国新闻周刊》说，目前关于带有病毒货物的溯源工作正在进行。,天津的这轮疫情则出现得更早，始于山东德州对天津一批冷冻猪肉制品外包装的抽检。11月7日，德州市德城区在进口冷链食品常规抽检中，发现1份天津于11月6日销往该区的进口冷冻猪肉制品外包装标本新冠病毒核酸检测呈阳性。德州当地立即将信息通报给天津市，天津市立即封控位于滨海新区的中新生态城海联冷库。经排查，在冷库门把手上检测出病毒核酸阳性。此后，共有7名新增确诊病例与冷库有关。,11月8日，天津市通报新增1例本地确诊病例，被确诊的是天津海联冷冻食品有限公司的一名装卸工人。据了解，这名工人在11月4日曾参与冷冻食品搬运。,11月9日，天津再次通报新增1名无症状感染者，为一名货车司机，曾到中新生态城海联冷库拉货。,此后，又有3名冷库工作人员被确诊，分别是货车司机或搬运工，其中一名在11月10日被发现，是天津海联冷冻食品有限公司的搬运工王某某，为无症状感染者。经对他所住的滨海新区东疆港区瞰海轩小区进行全面排查，多名住户被确诊，瞰海轩小区被升级为高风险地区。据了解，在该小区1900多名居民中，截止目前已发现5例本土新冠肺炎确诊病例和3例本土无症状感染者。,11月20日，天津的另一条传播链被发现，据滨海新区疾控部门通报，1名集中隔离人员被检测出核酸阳性。这名男性患者杨某某系东丽鑫汇洋冷库核酸检测阳性带鱼暴露人员的密切接触者。鑫汇洋冷库传播链的发现与海联冷库类似，并非天津市自己发现，而是起于山西太原市在抽检中发现阳性样本后的溯源。太原将信息通报天津后，在天津市对涉事的东丽区鑫汇洋冷库展开封控和排查中，杨某某经二次采样而确诊。,截至11月22日，天津市已出现12例本地感染者（其中确诊病例10例、无症状感染者2例），8例确诊病例均在滨海新区。,11月18日至21日，天津市疾病预防控制中心通过对这轮疫情的几个病例的呼吸道标本进行基因测序后发现，病毒序列属于L基因型欧洲家系分支I，不属于本土毒株，这可以基本判定，天津疫情的源头在进口冷链的环节。,复旦大学公共卫生学院原院长、,家姜庆五对《中国新闻周刊》指出，这轮疫情暴露出一个问题，中国在海鲜、冻肉等外国进口产品的入关检验上还存在漏洞，目前采取的普遍做法是抽检，这会有一定概率使得附着在外包装上的病毒没有被检验出来。对于冷链运输和储存环节中的一些工种，比如装卸工或货运司机，他们通常很难有很好的防护意识和进行严格的消毒程序，因此希冀通过冷链的这些环节来防住病毒是不可能的，必须在源头处堵死，对每一件入境的货物全部开箱检测，而不能仅仅是抽检，一旦发现有阳性样本马上就地销毁。海关要承担起更多责任。“山西在天津货物上检测出阳性样本，这不是山西的问题，而要天津来兜住责任。以我们国家的能力，做到全部检测是不困难的，”他说。,卢洪洲也建议，要对冬季所有的境外输入，包括物品的环境、物品外包装、物品本身做到批批检。对传送、运输国际物品的载体，包括集装箱等进行环境采样。,11月21日，内蒙古自治区呼伦贝尔满洲里市新增2例本土确诊病例。满洲里本轮疫情中的首位病人，是在为“应检尽检”人员核酸检测过程中发现。两名患者系夫妻关系。,根据满洲里市疫情防控指挥部工作安排，从2020年11月22日14：00时开始，将利用3天时间对满洲里市区内所有居民和企业职工开展大规模核酸检测。,目前，满洲里火车及公路客车已停运，有小区和医院封闭，公共活动场所暂停营业，学校、幼儿园及培训机构也暂停教学活动。内蒙古自治区民航机场集团有限责任公司发布公告称，自11月22日起，暂停满洲里机场全部“经呼飞”中转业务，具体恢复时间将另行通知。,满洲里西临蒙古国，北接俄罗斯，是中国最大的陆路口岸城市。在今年4月，曾集中出现过多起来自俄罗斯的输入性病例，以俄罗斯华商为主。在两条最常见的俄罗斯回国路线中，其中一条就是从莫斯科飞往赤塔，再包车前往满洲里口岸。另一条则是莫斯科-符拉迪沃斯托克-绥芬河。4月8日满洲里口岸因检验检疫能力和市区隔离检测能力超过极限而关闭，目前仍未恢复。,但这只是针对人员的通过，疫情暴发以来，这里仍是最主要中俄货运口岸，据满洲里海关统计，2020年前三季度，经满洲里口岸进出境的中欧班列合计2187列，同比增长32.38%，集装箱19万标箱，同比增长35.66%。,据俄罗斯卫星通讯社报道，11月19日，俄驻哈尔滨总领事奥舍普科夫表示，11月初，中国在新冠疫情背景下再次对通过中俄边境的俄罗斯汽车数量做出限制，从原来每天每侧放行45辆削减至30辆，由于汽车跨境存在问题，俄中跨境铁路货运量近期大幅增长。现在对跨境铁路运输的需求很大，其中从中国经俄中铁路过境站点向欧洲方向行驶的列车数量在增长。截止前10个月，经绥芬河—格罗捷科沃的列车数量几乎增加了75％，经满洲里—外贝加尔斯克的列车数量增加了30％以上。,因此专家分析，带有病毒的外国货物仍可能通过火车或汽车的渠道通过满洲里口岸入境。,目前，满洲里的溯源工作仍在进行。但姜庆五指出，满洲里这两起病例都没有和外界有过接触，说明当地已经形成社区传播。必须对他们和所有与其密切接触的人进行流行病学调查。在第二个病例中，曾到过农贸市场货海鲜商店，即便病毒有可能来自这两个地方，他也绝对不会是第一例，此前一定已经形成传播，这些都需要好好溯源。,
,姜庆五分析，上海、天津和满洲里的这轮疫情显示，目前仍只是局部的、散发性案例，基本都和境外输入有关。当下进入冬季，我们已经进入防疫的艰难期，必须要坚持住，不能像西方那样退回去。要在这个过程中等待疫苗的出现。,上海华山医院感染科主任张文宏也提醒，在当前全球新冠疫情蔓延的形势下，我们不能保证后面不会再出现散发的输入性的与物流相关的病例，哪怕国内其他城市有个别的散发，我们也不应该看成是奇怪的事情。但有一点要做到，追踪、防控的工作程序要严格遵守，防控措施要到位，普通老百姓对戴口罩、洗手、社交距离等习惯要保持。,值班编辑：肖冉",中国新闻周刊,FS36D8J40001899O,2020-11-23 02:03:56,上海新增两例确诊病例，又一小区升级为“中风险”，专家：冬季进入防疫艰难期|病毒|阳性|流行病学|接触者_网易新闻,https://news.163.com/20/1123/02/FS36D8J40001899O.html,https://mp.weixin.qq.com/s/uT9Smd3D8D-GQfRtuJo1Lw
"
                        （原标题：上海浦东国际机场 连夜组织集体核酸检测）
                    ,
	,
	,
						,
						,
					,11月22日晚，上海,组织所有相关人员进行集体,检测，各,及货运区域所有人员连夜参与。专业检测人员在浦东机场P4长时停车场2层，设置了临时检测区域，现场对人员进行采样。,
,来源：上海发布",上海发布,FS32PA0Q0001899O,2020-11-23 01:00:36,上海浦东国际机场 连夜组织集体核酸检测 |浦东机场|货运站_网易新闻,https://news.163.com/20/1123/01/FS32PA0Q0001899O.html,https://static.cdsb.com/micropub/Articles/202011/7b490aa6eeed8b3724af849457017829.html
"
                        （原标题：特朗普私下已开始为未来做打算？美媒披露其三个“未来计划”）
                    ,【环球时报驻美国特约记者 姜华 环球时报特约记者王晓雄】在年底前宣布将参加2024年,、建立媒体报复“背叛者”、写书赚钱应对财务危机——《华盛顿邮报》22日援引知情人士的话报道称，,特朗普虽然在公开场合仍不遗余力地试图推翻此次大选结果，但私下其实已经开始为未来做打算。,据《华盛顿邮报》报道，一名最近和特朗普交谈过的总统顾问称，特朗普表示计划在3周后宣布新的竞选活动，以此迅速击退可能在2024年竞选美国总统的,参选人，包括副总统彭斯、国务卿蓬佩奥和前美国常驻联合国代表黑利。不过其他几名顾问表示，特朗普对这个问题的看法在不断变化，还没有做出最终决定。,特朗普前顾问纳伯格表示，在今年年底宣布将在4年后竞选总统没有意义，但是控制共和党、在总统选举这场竞赛中成为领先者很重要。共和党全国委员会前主席、反特朗普的共和党组织“林肯计划”高级顾问斯蒂尔认为，不管特朗普是否真的会再次竞选总统，他很可能会试图在未来几年里主导共和党的政治。一直对特朗普持批评态度的共和党策略师、前国会高级助手布巴克表示，这位美国总统的推特账号虽然令人讨厌，但却是他最强大的且可以“随身携带”的工具之一，“特朗普仍然有能力决定（共和党总统选举党内）初选的成败，并能在国会山破坏协议”。特朗普经常使用的私人推特账号@realDonaldTrump拥有超过8891万粉丝。,一直与特朗普保持联系的老朋友拉迪表示，美国总统将“努力保持政治和媒体影响力”。据美国Axios新闻网报道，特朗普一直在对朋友说，他想开设一个数字媒体频道，按月收取订阅费，还可能给订阅者赠送一顶“让美国再次伟大”的帽子。也有消息称，特朗普可能自己创办媒体公司。不过《华盛顿邮报》称，一些总统顾问表示，特朗普可能不会开设媒体公司，因为这样做任务艰巨，而且不一定能成功。,不管是创建媒体频道还是开设公司，都将是特朗普向福克斯新闻发起报复的方式。这位美国总统认为福克斯新闻背叛了自己。《华盛顿邮报》报道称，福克斯新闻此前曾备受特朗普称赞，但该媒体是大选后第一家宣布,赢得亚利桑那州的主流媒体，其下属记者还证实特朗普曾把军人称为“傻瓜”和“失败者”，主持总统竞选首场辩论的福克斯电视台主持人华莱士也让特朗普不满。,据澳大利亚广播公司报道，在此次美国大选中，近7400万选民支持特朗普。如果建立自己的媒体平台，特朗普可以用该平台来笼络支持者，让自己4年后再次参加大选。美国国会两年后将进行中期选举。特朗普也可以利用自己的媒体平台为和自己志同道合的共和党参选人造势，同时抨击和自己意见不一的人。,《华盛顿邮报》称，特朗普还在探索如何用相对轻松的方式赚钱，比如为企业团体做有偿演讲，或者举办集会卖门票。有消息人士表示，这位美国总统可能会写一本关于他担任总统的回忆录，并以有偿或无偿的身份出现在电视上。在未来4年，特朗普需要偿还超过4亿美元的贷款，并可能因一系列调查和诉讼而支付巨额法律费用。自2019年以来，纽约州一直在针对总统财务状况进行两项独立调查。《纽约时报》日前报道称，这些调查后来发展到包括咨询费的问题，这些咨询费被扣除以减少总统的应纳税收入。,
,特朗普为何会是2024年美国大选的有力竞争者？阿拉伯新闻网21日称，特朗普或许想要复制美国前总统安德鲁·杰克逊的竞选之路。1824年，杰克逊在大选中惜败，但4年后却赢得总统选举。尽管特朗普可能在明年离开白宫，但他并没有出局，“特朗普主义”在美国依然是一个强有力的存在。从筹集资金和全国民调两个方面来看，特朗普会是2024年共和党党内初选的有力竞争者。不过，即使特朗普赢得了2024年共和党党内初选，他不一定会赢得总统宝座。这在很大程度上取决于拜登在任期内的表现，以及他是否会谋求连任。",环球时报,FS3N77BK0001899O,2020-11-23 06:57:44,特朗普私下已开始为未来做打算？美媒披露其三个“未来计划”|唐纳德·特朗普|共和党|美国总统|大选|拜登|美国大选_网易新闻,https://news.163.com/20/1123/06/FS3N77BK0001899O.html,https://world.huanqiu.com/article/40oHossPyfW
"
                        （原标题：官方回应家用自来水能点燃：成立联合调查组，关停问题水井）
                    ,
	,
	,
						,
						,
					,11月22日，辽宁省盘锦市大洼区赵圈河镇四营村村民在微博反映近日家里的,能点燃，洗手的时候感觉总洗不干净，村里100多家都是这样的情况，并表示“这种情况已经很久了”，具体原因不明。,记者联系当地宣传部门获悉，目前，已关停了问题辖区的自来,，停用居民用水管道，采取临时调水的方式满足居民用水需求。,11月22日上午，有居民通过微博反映“辽宁一村民家中自来水可被点燃”。,大洼区高度重视，迅速行动，有关部门成立联合,，深入居民家中了解情况，并采取积极应对措施，22日中午，关停了问题辖区的自来水井，停用居民用水管道，采取临时调水的方式满足居民用水需求。,目前，有关部门正在进行水质检测、原因分析等工作，将第一时间公布检测报告和调查结果。（大洼区委宣传部）,（原题为《家用自来水可点燃！？官方回应：已关停问题辖区的自来水井》）,针对“辽宁盘锦大洼区赵圈河镇四营村村民家用自来水可点燃”一事，11月22日，四营村一名村干部告诉澎湃新闻（www.thepaper.cn），22日，当地政府有关部门已指派多名专家到现场进行检测工作，检测报告尚未出结果。具体情况，其表示不清楚。,前述村干部介绍，此前未接受到此类情况反映。“我和大家使用一样的水，无色无味，我没有遇到这样（洗手感觉黏糊）的情况。”,据封面新闻稍早前报道，辽宁盘锦大洼区赵圈河镇居民文女士称，家里的自来水能点燃。此外，她称洗手的时候感觉总洗不干净，村里约有100户居民家遇到此类情况。视频画面显示，有人拿着打火机在水龙头下一打火，便有火焰瞬间冒出。,来源：春城晚报,“26年了，我做梦也没想到会以这种方式回宣威，我多次被梦中的火光惊醒，现在被你们找到了，我也心安了，再也不用过提心吊胆的日子……”近日，云南省宣威市公安局命案攻坚小组赴贵州省盘州市，将潜逃26年的命案犯罪嫌疑人雷某益抓获归案。宣威市这起轰动一时、死亡人数最多的命案积案最终得以成功告破。,案发现场,如果时间能退回到26年前，雷某益一定不会再那么冲动了。,1994年4月10日，雷某益像往常一样，与妻子一起在宣威市普立乡攀支戛村的庄稼地里背粪种洋芋，忙活了一天，见天色已晚，雷某益正准备收拾工具回家，忽然听到有人在远处喊：“雷某益，你妈跟雷某松家又吵打起来了，你快回去看看”。,雷某益丢下手中的东西就往家里跑，看见躺在地上的母亲，他知道了事情的来龙去脉。原来，近两天发现家里的大树被人盗伐，而邻居雷某松家里堆着些新加工出来的木板，所以雷某益的母亲怀疑大树是被雷某松偷走的，便去雷某松家问，问询过程中双方发生争吵，母亲被雷某松之妻晏某揪着头发摔倒并拖到外面地上。,听到母亲的哭诉，雷某益脑袋“嗡”的一下就炸了，前几天自家的火腿等物品不见也可能是雷某松偷的，加上60多岁的母亲被打，雷某益气不打一处来，朝着雷某松家就冲了过去……来到雷某松家，雷某益一脚将门踢开，正准备质问时，雷某松的妻子晏某破口大骂，雷某益更是怒火中烧，随手抄起雷某松家门边的斧头，朝着晏某的头部就是两下，晏某应声倒地。,雷某益还不解气，跑到门外抱了捆包谷草进屋，放到雷某松家堆放木板的地方点火焚烧。点着火后，刚要出门的雷某益被雷某松及其弟弟雷某举堵在门口，雷某松用猎枪抵住雷某益，并在质问过程中扣下了扳机，结果枪没打响，雷某益又惊又怒，抡起斧头迎面朝雷某松的头部就是三下，雷某松倒在了血泊之中。,雷某举见状转身刚跑，被雷某益追上后朝着头部就是一斧，雷某举也倒下了。此时屋内的大火已经燃烧起来，火光中的雷某益愣了几分钟，意识到自己闯下弥天大祸后将斧头丢在大火中，趁着夜色消失在群山之中,村中惨烈的这一幕震撼了所有善良的村民，大家都不敢出门，眼睁睁地看着雷某松家的房子被大火焚烧殆尽，倒在地上的3人蜷缩在血泊之中直至死亡。,案件发生后，宣威市公安局立即展开侦查工作，受当时侦查手段和追逃条件限制，雷某益消失后就像人间蒸发一样，办案民警始终没有找到他的藏身之处。,时间如白驹过隙，命案追逃工作却一刻也没有停止。,26年里，一茬接一茬的刑侦民警每年都要摸排、梳理这个命案线索，普立派出所民警每年都到雷某益家进行走访规劝，始终没有放弃对雷某益的抓捕，民警先后辗转贵州、四川、重庆、河南等省市，行程数万公里进行调查。,2020年命案积案攻坚行动以来，宣威市公安局再次将雷某益列为攻坚重点对象，重新梳理了案件卷宗，全面采集了雷某益家属的相关信息并报送至上级公安机关进行深度分析研判。,11月初，宣威市公安局接曲靖市公安局刑侦支队通报，贵州省盘州市松河乡的贺某兴与雷某益高度疑似。宣威市公安局第一时间组织侦查人员对贺某兴的情况进行走访调查，民警围绕贺某兴的出生时间和地点进行核实，均无人知道贺某兴是何时何地出生的。贺某兴就是雷某益的可能性大增。,11月13日，宣威市公安局命案攻坚小组再赴盘州市松河乡开展工作。,在当地警方的配合下，经过缜密侦查，确认“贺某兴”与雷某益为同一人，当天23时许，刑侦民警将雷某益抓获。,经突审，雷某益如实供述了砍杀晏某、雷某松和雷某举的犯罪事实。据雷某益供述，作案后，他逃往贵州、内蒙古、山西等地，沿途如惊弓之鸟，每到一处，都是在偏僻矿山上做苦力、打短工，如果有人怀疑或者登记身份证件，他便逃往下个地方。,直到2001年，雷某益在对家乡和亲人的无尽思念中，偷偷扒火车逃回云南，化名贺某兴，在昆明一摩托车修理店里找到了一份工作糊口。,后来经人介绍，认识了贵州盘县的李某凤，雷某益哄骗李某凤说自己是个孤儿，无父无母，李某凤见雷某益能吃苦耐劳，就带雷某益回盘县生活。,逃亡的这26年，雷某益从未回过一次家，甚至连自己的老家地址、自己的年龄以及父母的年纪都不记得了。但午夜梦回，他仍然清晰记得那起血案、那起大火，就算后来交了女友，生了女儿，那份恐惧也一直困扰着他，几乎夜夜梦魇。,被押回宣威后，雷某益告诉民警：“这提心吊胆的日子终于到头了，睡得着瞌睡了。”他说，自己脑海中就像放电影一样，梦见的都是火光漫天，这就像一场持续26年的灵魂酷刑，无论时间过去多久，心里总是躲不开。,
,案发现场,目前，雷某益已被刑事拘留，案件正在进一步办理中。,家中自来水可点燃",澎湃新闻,FS2VBPFF0001899O,2020-11-23 00:00:47,官方回应家用自来水能点燃：成立联合调查组，关停问题水井 _网易新闻,https://news.163.com/20/1123/00/FS2VBPFF0001899O.html,https://www.thepaper.cn/newsDetail_forward_10097579
